{
  "results": [
    {
      "command": "./awk_vm-c-0.0.9-get_opcode-purefunction-c ./programs/awk/loops.awk",
      "mean": 2.8612264793600004,
      "stddev": 0.09269155322896089,
      "median": 2.8234582349600004,
      "user": 2.79104108,
      "system": 0.022760113333333335,
      "min": 2.78339360996,
      "max": 3.14532206796,
      "times": [
        2.79554660996,
        2.8579381929600003,
        2.80674065196,
        2.80096227696,
        2.96634627696,
        2.80720431796,
        2.84763573496,
        2.89977481796,
        2.8936532769600003,
        2.8618846929600004,
        2.80865735996,
        2.78339360996,
        3.14532206796,
        2.8234582349600004,
        2.81987906796
      ],
      "exit_codes": [
        0,
        0,
        0,
        0,
        0,
        0,
        0,
        0,
        0,
        0,
        0,
        0,
        0,
        0,
        0
      ]
    },
    {
      "command": "./awk_vm-c-0.0.8-simple-heap-c ./programs/awk/loops.awk",
      "mean": 3.5146286849600004,
      "stddev": 0.5415472824718005,
      "median": 3.28251535996,
      "user": 3.4570219466666665,
      "system": 0.019267646666666673,
      "min": 3.21867219296,
      "max": 4.88015402696,
      "times": [
        4.88015402696,
        3.31422848496,
        3.39136123496,
        3.40467060996,
        3.26747998496,
        4.77810681796,
        3.23205473496,
        3.21867219296,
        3.2806900269600003,
        3.42023594296,
        3.28251535996,
        3.22783594296,
        3.2636911519600003,
        3.22197648496,
        3.53575727696
      ],
      "exit_codes": [
        0,
        0,
        0,
        0,
        0,
        0,
        0,
        0,
        0,
        0,
        0,
        0,
        0,
        0,
        0
      ]
    }
  ]
}
